Bank/App Name,Rating,review_count,mean_sentiment,std_sentiment,min_sentiment,max_sentiment,percent_positive
Bank of Abyssinia,1,255,-0.9303161053096547,0.33994341010129475,-0.9998201727867126,0.9981314539909363,3.1372549019607843
Bank of Abyssinia,2,29,-0.9161074079316238,0.36615305343942944,-0.999818742275238,0.9455678462982178,3.4482758620689653
Bank of Abyssinia,3,36,-0.934986294971572,0.3327303239660315,-0.9998049139976501,0.9997236132621765,2.7777777777777777
Bank of Abyssinia,4,12,-0.31954725086688995,0.9663294640065773,-0.9993138313293457,0.9998657703399658,33.33333333333333
Bank of Abyssinia,5,68,0.26255180204615874,0.9514024079917498,-0.9998160004615784,0.9998877048492432,63.23529411764706
